[
    {
        "title": "BH Fitness F1 G6414V",
        "imgUrl": "/assets/icons/main/brands/oxygen.png"
    }, 
    {
        "title": "BH Fitness F2 W8745M",
        "imgUrl": "/assets/icons/main/brands/hasttings.png"
    },
    {
        "title": "BH Fitness F2 W8745M",
        "imgUrl": "/assets/icons/main/brands/carbon.png"
    },
    {
        "title": "BH Fitness F2 W8745M",
        "imgUrl": "/assets/icons/main/brands/nordictrack.png"
    },
    {
        "title": "BH Fitness F2 W8745M",
        "imgUrl": "/assets/icons/main/brands/clearfit.png"
    }
]